model,cv_auc,test_auc
Logistic Regression,0.6679769601002478,0.5443979933110369
XGBoost,0.6471990430894541,0.5530936454849498
